sample_file,type,total_reads,lane,is_paired_read,study_title,sample_common_name,sample_public_name,manual_qc,sample_donor_id,id_run,sample_id,study_id,library_id,sample_accession_number,study_accession_number
24768_2#001, cram, 1043422, 2, 1, Transgenerational epigenetic inheritance: embryos, Mus Musculus, SCGC--3288_A01, 1, TEI_17239416, 24768, 3458069, 4924, 20584188, ERS2041289, ERP105660
24768_2#002, cram, 1206374, 2, 1, Transgenerational epigenetic inheritance: embryos, Mus Musculus, SCGC--3289_A01, 1, TEI_17239417, 24768, 3458070, 4924, 20584189, ERS2052436, ERP105660
24768_2#003, cram, 1881340, 2, 1, Transgenerational epigenetic inheritance: embryos, Mus Musculus, SCGC--3288_A02, 1, TEI_17239418, 24768, 3458071, 4924, 20584190, ERS2052468, ERP105660
24768_2#004, cram, 2282726, 2, 1, Transgenerational epigenetic inheritance: embryos, Mus Musculus, SCGC--3289_A02, 1, TEI_17239419, 24768, 3458072, 4924, 20584191, ERS2052493, ERP105660
24768_2#005, cram, 261336, 2, 1, Transgenerational epigenetic inheritance: embryos, Mus Musculus, SCGC--3288_A03, 1, TEI_17239420, 24768, 3458073, 4924, 20584192, ERS2052522, ERP105660
24768_2#006, cram, 3272122, 2, 1, Transgenerational epigenetic inheritance: embryos, Mus Musculus, SCGC--3289_A03, 1, TEI_17239421, 24768, 3458074, 4924, 20584193, ERS2052551, ERP105660
24768_2#007, cram, 2885578, 2, 1, Transgenerational epigenetic inheritance: embryos, Mus Musculus, SCGC--3288_A04, 1, TEI_17239422, 24768, 3458075, 4924, 20584194, ERS2052585, ERP105660
24768_2#008, cram, 2409800, 2, 1, Transgenerational epigenetic inheritance: embryos, Mus Musculus, SCGC--3289_A04, 1, TEI_17239423, 24768, 3458076, 4924, 20584195, ERS2052619, ERP105660
24768_2#009, cram, 3626134, 2, 1, Transgenerational epigenetic inheritance: embryos, Mus Musculus, SCGC--3288_A05, 1, TEI_17239424, 24768, 3458077, 4924, 20584196, ERS2052652, ERP105660
24768_2#010, cram, 2876540, 2, 1, Transgenerational epigenetic inheritance: embryos, Mus Musculus, SCGC--3289_A05, 1, TEI_17239425, 24768, 3458078, 4924, 20584197, ERS2052687, ERP105660
24768_2#011, cram, 980612, 2, 1, Transgenerational epigenetic inheritance: embryos, Mus Musculus, SCGC--3288_A06, 1, TEI_17239426, 24768, 3458079, 4924, 20584198, ERS2052719, ERP105660
24768_2#012, cram, 4418738, 2, 1, Transgenerational epigenetic inheritance: embryos, Mus Musculus, SCGC--3289_A06, 1, TEI_17239427, 24768, 3458080, 4924, 20584199, ERS2052757, ERP105660
24768_2#013, cram, 3388948, 2, 1, Transgenerational epigenetic inheritance: embryos, Mus Musculus, SCGC--3288_A07, 1, TEI_17239428, 24768, 3458081, 4924, 20584200, ERS2052779, ERP105660
24768_2#014, cram, 3455220, 2, 1, Transgenerational epigenetic inheritance: embryos, Mus Musculus, SCGC--3289_A07, 1, TEI_17239429, 24768, 3458082, 4924, 20584201, ERS2052804, ERP105660
24768_2#015, cram, 1680502, 2, 1, Transgenerational epigenetic inheritance: embryos, Mus Musculus, SCGC--3288_A08, 1, TEI_17239430, 24768, 3458083, 4924, 20584202, ERS2054687, ERP105660
24768_2#016, cram, 4371964, 2, 1, Transgenerational epigenetic inheritance: embryos, Mus Musculus, SCGC--3289_A08, 1, TEI_17239431, 24768, 3458084, 4924, 20584203, ERS2054688, ERP105660
24768_2#017, cram, 2191338, 2, 1, Transgenerational epigenetic inheritance: embryos, Mus Musculus, SCGC--3288_A09, 1, TEI_17239432, 24768, 3458085, 4924, 20584204, ERS2054689, ERP105660
24768_2#018, cram, 4472322, 2, 1, Transgenerational epigenetic inheritance: embryos, Mus Musculus, SCGC--3289_A09, 1, TEI_17239433, 24768, 3458086, 4924, 20584205, ERS2054690, ERP105660
24768_2#019, cram, 2744906, 2, 1, Transgenerational epigenetic inheritance: embryos, Mus Musculus, SCGC--3288_A10, 1, TEI_17239434, 24768, 3458087, 4924, 20584206, ERS2054691, ERP105660
24768_2#020, cram, 4976636, 2, 1, Transgenerational epigenetic inheritance: embryos, Mus Musculus, SCGC--3289_A10, 1, TEI_17239435, 24768, 3458088, 4924, 20584207, ERS2054692, ERP105660
24768_2#021, cram, 3716220, 2, 1, Transgenerational epigenetic inheritance: embryos, Mus Musculus, SCGC--3288_A11, 1, TEI_17239436, 24768, 3458089, 4924, 20584208, ERS2054693, ERP105660
24768_2#022, cram, 3586198, 2, 1, Transgenerational epigenetic inheritance: embryos, Mus Musculus, SCGC--3289_A11, 1, TEI_17239437, 24768, 3458090, 4924, 20584209, ERS2054694, ERP105660
24768_2#023, cram, 1058, 2, 1, Transgenerational epigenetic inheritance: embryos, Mus Musculus, SCGC--3288_A12, 1, TEI_17239438, 24768, 3458091, 4924, 20584210, ERS2054695, ERP105660
24768_2#024, cram, 1292, 2, 1, Transgenerational epigenetic inheritance: embryos, Mus Musculus, SCGC--3289_A12, 1, TEI_17239439, 24768, 3458092, 4924, 20584211, ERS2054696, ERP105660
24768_2#025, cram, 1222124, 2, 1, Transgenerational epigenetic inheritance: embryos, Mus Musculus, SCGC--3288_B01, 1, TEI_17239440, 24768, 3458093, 4924, 20584212, ERS2054697, ERP105660
24768_2#026, cram, 2409250, 2, 1, Transgenerational epigenetic inheritance: embryos, Mus Musculus, SCGC--3289_B01, 1, TEI_17239441, 24768, 3458094, 4924, 20584213, ERS2054698, ERP105660
24768_2#027, cram, 1807586, 2, 1, Transgenerational epigenetic inheritance: embryos, Mus Musculus, SCGC--3288_B02, 1, TEI_17239442, 24768, 3458095, 4924, 20584214, ERS2054699, ERP105660
24768_2#028, cram, 3852144, 2, 1, Transgenerational epigenetic inheritance: embryos, Mus Musculus, SCGC--3289_B02, 1, TEI_17239443, 24768, 3458096, 4924, 20584215, ERS2054700, ERP105660
24768_2#029, cram, 4659434, 2, 1, Transgenerational epigenetic inheritance: embryos, Mus Musculus, SCGC--3288_B03, 1, TEI_17239444, 24768, 3458097, 4924, 20584216, ERS2054701, ERP105660
24768_2#030, cram, 1810, 2, 1, Transgenerational epigenetic inheritance: embryos, Mus Musculus, SCGC--3289_B03, 1, TEI_17239445, 24768, 3458098, 4924, 20584217, ERS2054702, ERP105660
24768_2#031, cram, 3833896, 2, 1, Transgenerational epigenetic inheritance: embryos, Mus Musculus, SCGC--3288_B04, 1, TEI_17239446, 24768, 3458099, 4924, 20584218, ERS2054703, ERP105660
24768_2#032, cram, 4165450, 2, 1, Transgenerational epigenetic inheritance: embryos, Mus Musculus, SCGC--3289_B04, 1, TEI_17239447, 24768, 3458100, 4924, 20584219, ERS2054704, ERP105660
24768_2#033, cram, 3190576, 2, 1, Transgenerational epigenetic inheritance: embryos, Mus Musculus, SCGC--3288_B05, 1, TEI_17239448, 24768, 3458101, 4924, 20584220, ERS2054705, ERP105660
24768_2#034, cram, 4916214, 2, 1, Transgenerational epigenetic inheritance: embryos, Mus Musculus, SCGC--3289_B05, 1, TEI_17239449, 24768, 3458102, 4924, 20584221, ERS2054706, ERP105660
24768_2#035, cram, 4552800, 2, 1, Transgenerational epigenetic inheritance: embryos, Mus Musculus, SCGC--3288_B06, 1, TEI_17239450, 24768, 3458103, 4924, 20584222, ERS2054707, ERP105660
24768_2#036, cram, 5362692, 2, 1, Transgenerational epigenetic inheritance: embryos, Mus Musculus, SCGC--3289_B06, 1, TEI_17239451, 24768, 3458104, 4924, 20584223, ERS2054708, ERP105660
24768_2#037, cram, 4809272, 2, 1, Transgenerational epigenetic inheritance: embryos, Mus Musculus, SCGC--3288_B07, 1, TEI_17239452, 24768, 3458105, 4924, 20584224, ERS2054709, ERP105660
24768_2#038, cram, 1033506, 2, 1, Transgenerational epigenetic inheritance: embryos, Mus Musculus, SCGC--3289_B07, 1, TEI_17239453, 24768, 3458106, 4924, 20584225, ERS2054710, ERP105660
24768_2#039, cram, 3416740, 2, 1, Transgenerational epigenetic inheritance: embryos, Mus Musculus, SCGC--3288_B08, 1, TEI_17239454, 24768, 3458107, 4924, 20584226, ERS2054711, ERP105660
24768_2#040, cram, 5302496, 2, 1, Transgenerational epigenetic inheritance: embryos, Mus Musculus, SCGC--3289_B08, 1, TEI_17239455, 24768, 3458108, 4924, 20584227, ERS2054712, ERP105660
24768_2#041, cram, 6461408, 2, 1, Transgenerational epigenetic inheritance: embryos, Mus Musculus, SCGC--3288_B09, 1, TEI_17239456, 24768, 3458109, 4924, 20584228, ERS2054713, ERP105660
24768_2#042, cram, 5441670, 2, 1, Transgenerational epigenetic inheritance: embryos, Mus Musculus, SCGC--3289_B09, 1, TEI_17239457, 24768, 3458110, 4924, 20584229, ERS2054714, ERP105660
24768_2#043, cram, 2466, 2, 1, Transgenerational epigenetic inheritance: embryos, Mus Musculus, SCGC--3288_B10, 1, TEI_17239458, 24768, 3458111, 4924, 20584230, ERS2054715, ERP105660
24768_2#044, cram, 5225716, 2, 1, Transgenerational epigenetic inheritance: embryos, Mus Musculus, SCGC--3289_B10, 1, TEI_17239459, 24768, 3458112, 4924, 20584231, ERS2054716, ERP105660
24768_2#045, cram, 5304376, 2, 1, Transgenerational epigenetic inheritance: embryos, Mus Musculus, SCGC--3288_B11, 1, TEI_17239460, 24768, 3458113, 4924, 20584232, ERS2054717, ERP105660
24768_2#046, cram, 1073506, 2, 1, Transgenerational epigenetic inheritance: embryos, Mus Musculus, SCGC--3289_B11, 1, TEI_17239461, 24768, 3458114, 4924, 20584233, ERS2054718, ERP105660
24768_2#047, cram, 4320904, 2, 1, Transgenerational epigenetic inheritance: embryos, Mus Musculus, SCGC--3288_B12, 1, TEI_17239462, 24768, 3458115, 4924, 20584234, ERS2054719, ERP105660
24768_2#048, cram, 6464086, 2, 1, Transgenerational epigenetic inheritance: embryos, Mus Musculus, SCGC--3289_B12, 1, TEI_17239463, 24768, 3458116, 4924, 20584235, ERS2054720, ERP105660
24768_2#049, cram, 1036028, 2, 1, Transgenerational epigenetic inheritance: embryos, Mus Musculus, SCGC--3288_C01, 1, TEI_17239464, 24768, 3458117, 4924, 20584236, ERS2054721, ERP105660
24768_2#050, cram, 1244480, 2, 1, Transgenerational epigenetic inheritance: embryos, Mus Musculus, SCGC--3289_C01, 1, TEI_17239465, 24768, 3458118, 4924, 20584237, ERS2054722, ERP105660
24768_2#051, cram, 3636130, 2, 1, Transgenerational epigenetic inheritance: embryos, Mus Musculus, SCGC--3288_C02, 1, TEI_17239466, 24768, 3458119, 4924, 20584238, ERS2054723, ERP105660
24768_2#052, cram, 2161344, 2, 1, Transgenerational epigenetic inheritance: embryos, Mus Musculus, SCGC--3289_C02, 1, TEI_17239467, 24768, 3458120, 4924, 20584239, ERS2054724, ERP105660
24768_2#053, cram, 3249974, 2, 1, Transgenerational epigenetic inheritance: embryos, Mus Musculus, SCGC--3288_C03, 1, TEI_17239468, 24768, 3458121, 4924, 20584240, ERS2054725, ERP105660
24768_2#054, cram, 3367318, 2, 1, Transgenerational epigenetic inheritance: embryos, Mus Musculus, SCGC--3289_C03, 1, TEI_17239469, 24768, 3458122, 4924, 20584241, ERS2054726, ERP105660
24768_2#055, cram, 1271486, 2, 1, Transgenerational epigenetic inheritance: embryos, Mus Musculus, SCGC--3288_C04, 1, TEI_17239470, 24768, 3458123, 4924, 20584242, ERS2054732, ERP105660
24768_2#056, cram, 2260700, 2, 1, Transgenerational epigenetic inheritance: embryos, Mus Musculus, SCGC--3289_C04, 1, TEI_17239471, 24768, 3458124, 4924, 20584243, ERS2054733, ERP105660
24768_2#057, cram, 4212946, 2, 1, Transgenerational epigenetic inheritance: embryos, Mus Musculus, SCGC--3288_C05, 1, TEI_17239472, 24768, 3458125, 4924, 20584244, ERS2054734, ERP105660
24768_2#058, cram, 4600062, 2, 1, Transgenerational epigenetic inheritance: embryos, Mus Musculus, SCGC--3289_C05, 1, TEI_17239473, 24768, 3458126, 4924, 20584245, ERS2054727, ERP105660
24768_2#059, cram, 4090140, 2, 1, Transgenerational epigenetic inheritance: embryos, Mus Musculus, SCGC--3288_C06, 1, TEI_17239474, 24768, 3458127, 4924, 20584246, ERS2054728, ERP105660
24768_2#060, cram, 3848776, 2, 1, Transgenerational epigenetic inheritance: embryos, Mus Musculus, SCGC--3289_C06, 1, TEI_17239475, 24768, 3458128, 4924, 20584247, ERS2054729, ERP105660
24768_2#061, cram, 4768, 2, 1, Transgenerational epigenetic inheritance: embryos, Mus Musculus, SCGC--3288_C07, 1, TEI_17239476, 24768, 3458129, 4924, 20584248, ERS2054730, ERP105660
24768_2#062, cram, 4736702, 2, 1, Transgenerational epigenetic inheritance: embryos, Mus Musculus, SCGC--3289_C07, 1, TEI_17239477, 24768, 3458130, 4924, 20584249, ERS2054731, ERP105660
24768_2#063, cram, 5111910, 2, 1, Transgenerational epigenetic inheritance: embryos, Mus Musculus, SCGC--3288_C08, 1, TEI_17239478, 24768, 3458131, 4924, 20584250, ERS2054735, ERP105660
24768_2#064, cram, 5209814, 2, 1, Transgenerational epigenetic inheritance: embryos, Mus Musculus, SCGC--3289_C08, 1, TEI_17239479, 24768, 3458132, 4924, 20584251, ERS2054736, ERP105660
24768_2#065, cram, 1033818, 2, 1, Transgenerational epigenetic inheritance: embryos, Mus Musculus, SCGC--3288_C09, 1, TEI_17239480, 24768, 3458133, 4924, 20584252, ERS2054737, ERP105660
24768_2#066, cram, 4409640, 2, 1, Transgenerational epigenetic inheritance: embryos, Mus Musculus, SCGC--3289_C09, 1, TEI_17239481, 24768, 3458134, 4924, 20584253, ERS2054738, ERP105660
24768_2#067, cram, 1296742, 2, 1, Transgenerational epigenetic inheritance: embryos, Mus Musculus, SCGC--3288_C10, 1, TEI_17239482, 24768, 3458135, 4924, 20584254, ERS2054739, ERP105660
24768_2#068, cram, 5246622, 2, 1, Transgenerational epigenetic inheritance: embryos, Mus Musculus, SCGC--3289_C10, 1, TEI_17239483, 24768, 3458136, 4924, 20584255, ERS2054740, ERP105660
24768_2#069, cram, 6576, 2, 1, Transgenerational epigenetic inheritance: embryos, Mus Musculus, SCGC--3288_C11, 1, TEI_17239484, 24768, 3458137, 4924, 20584256, ERS2054741, ERP105660
24768_2#070, cram, 5053550, 2, 1, Transgenerational epigenetic inheritance: embryos, Mus Musculus, SCGC--3289_C11, 1, TEI_17239485, 24768, 3458138, 4924, 20584257, ERS2054742, ERP105660
24768_2#071, cram, 1977398, 2, 1, Transgenerational epigenetic inheritance: embryos, Mus Musculus, SCGC--3288_C12, 1, TEI_17239486, 24768, 3458139, 4924, 20584258, ERS2054743, ERP105660
24768_2#072, cram, 3291842, 2, 1, Transgenerational epigenetic inheritance: embryos, Mus Musculus, SCGC--3289_C12, 1, TEI_17239487, 24768, 3458140, 4924, 20584259, ERS2054744, ERP105660
24768_2#073, cram, 943480, 2, 1, Transgenerational epigenetic inheritance: embryos, Mus Musculus, SCGC--3288_D01, 1, TEI_17239488, 24768, 3458141, 4924, 20584260, ERS2054745, ERP105660
24768_2#074, cram, 1249940, 2, 1, Transgenerational epigenetic inheritance: embryos, Mus Musculus, SCGC--3289_D01, 1, TEI_17239489, 24768, 3458142, 4924, 20584261, ERS2054746, ERP105660
24768_2#075, cram, 1890470, 2, 1, Transgenerational epigenetic inheritance: embryos, Mus Musculus, SCGC--3288_D02, 1, TEI_17239490, 24768, 3458143, 4924, 20584262, ERS2054747, ERP105660
24768_2#076, cram, 1155716, 2, 1, Transgenerational epigenetic inheritance: embryos, Mus Musculus, SCGC--3289_D02, 1, TEI_17239491, 24768, 3458144, 4924, 20584263, ERS2054748, ERP105660
24768_2#077, cram, 1575776, 2, 1, Transgenerational epigenetic inheritance: embryos, Mus Musculus, SCGC--3288_D03, 1, TEI_17239492, 24768, 3458145, 4924, 20584264, ERS2054749, ERP105660
24768_2#078, cram, 1725168, 2, 1, Transgenerational epigenetic inheritance: embryos, Mus Musculus, SCGC--3289_D03, 1, TEI_17239493, 24768, 3458146, 4924, 20584265, ERS2054750, ERP105660
24768_2#079, cram, 1871360, 2, 1, Transgenerational epigenetic inheritance: embryos, Mus Musculus, SCGC--3288_D04, 1, TEI_17239494, 24768, 3458147, 4924, 20584266, ERS2054751, ERP105660
24768_2#080, cram, 3173254, 2, 1, Transgenerational epigenetic inheritance: embryos, Mus Musculus, SCGC--3289_D04, 1, TEI_17239495, 24768, 3458148, 4924, 20584267, ERS2054752, ERP105660
24768_2#081, cram, 1993186, 2, 1, Transgenerational epigenetic inheritance: embryos, Mus Musculus, SCGC--3288_D05, 1, TEI_17239496, 24768, 3458149, 4924, 20584268, ERS2054753, ERP105660
24768_2#082, cram, 4239296, 2, 1, Transgenerational epigenetic inheritance: embryos, Mus Musculus, SCGC--3289_D05, 1, TEI_17239497, 24768, 3458150, 4924, 20584269, ERS2054754, ERP105660
24768_2#083, cram, 4779634, 2, 1, Transgenerational epigenetic inheritance: embryos, Mus Musculus, SCGC--3288_D06, 1, TEI_17239498, 24768, 3458151, 4924, 20584270, ERS2054755, ERP105660
24768_2#084, cram, 4105616, 2, 1, Transgenerational epigenetic inheritance: embryos, Mus Musculus, SCGC--3289_D06, 1, TEI_17239499, 24768, 3458152, 4924, 20584271, ERS2054756, ERP105660
24768_2#085, cram, 3611366, 2, 1, Transgenerational epigenetic inheritance: embryos, Mus Musculus, SCGC--3288_D07, 1, TEI_17239500, 24768, 3458153, 4924, 20584272, ERS2054757, ERP105660
24768_2#086, cram, 5343270, 2, 1, Transgenerational epigenetic inheritance: embryos, Mus Musculus, SCGC--3289_D07, 1, TEI_17239501, 24768, 3458154, 4924, 20584273, ERS2054758, ERP105660
24768_2#087, cram, 5708592, 2, 1, Transgenerational epigenetic inheritance: embryos, Mus Musculus, SCGC--3288_D08, 1, TEI_17239502, 24768, 3458155, 4924, 20584274, ERS2054759, ERP105660
24768_2#088, cram, 5077556, 2, 1, Transgenerational epigenetic inheritance: embryos, Mus Musculus, SCGC--3289_D08, 1, TEI_17239503, 24768, 3458156, 4924, 20584275, ERS2054760, ERP105660
24768_2#089, cram, 5912182, 2, 1, Transgenerational epigenetic inheritance: embryos, Mus Musculus, SCGC--3288_D09, 1, TEI_17239504, 24768, 3458157, 4924, 20584276, ERS2054761, ERP105660
24768_2#090, cram, 2930670, 2, 1, Transgenerational epigenetic inheritance: embryos, Mus Musculus, SCGC--3289_D09, 1, TEI_17239505, 24768, 3458158, 4924, 20584277, ERS2054762, ERP105660
24768_2#091, cram, 5715840, 2, 1, Transgenerational epigenetic inheritance: embryos, Mus Musculus, SCGC--3288_D10, 1, TEI_17239506, 24768, 3458159, 4924, 20584278, ERS2054763, ERP105660
24768_2#092, cram, 5789012, 2, 1, Transgenerational epigenetic inheritance: embryos, Mus Musculus, SCGC--3289_D10, 1, TEI_17239507, 24768, 3458160, 4924, 20584279, ERS2054764, ERP105660
24768_2#093, cram, 4435238, 2, 1, Transgenerational epigenetic inheritance: embryos, Mus Musculus, SCGC--3288_D11, 1, TEI_17239508, 24768, 3458161, 4924, 20584280, ERS2054765, ERP105660
24768_2#094, cram, 4406128, 2, 1, Transgenerational epigenetic inheritance: embryos, Mus Musculus, SCGC--3289_D11, 1, TEI_17239509, 24768, 3458162, 4924, 20584281, ERS2054766, ERP105660
24768_2#095, cram, 519620, 2, 1, Transgenerational epigenetic inheritance: embryos, Mus Musculus, SCGC--3288_D12, 1, TEI_17239510, 24768, 3458163, 4924, 20584282, ERS2054767, ERP105660
24768_2#096, cram, 3470, 2, 1, Transgenerational epigenetic inheritance: embryos, Mus Musculus, SCGC--3289_D12, 1, TEI_17239511, 24768, 3458164, 4924, 20584283, ERS2054768, ERP105660
24768_2#097, cram, 1411056, 2, 1, Transgenerational epigenetic inheritance: embryos, Mus Musculus, SCGC--3288_E01, 1, TEI_17239512, 24768, 3458165, 4924, 20584284, ERS2054769, ERP105660
24768_2#098, cram, 178152, 2, 1, Transgenerational epigenetic inheritance: embryos, Mus Musculus, SCGC--3289_E01, 1, TEI_17239513, 24768, 3458166, 4924, 20584285, ERS2054770, ERP105660
24768_2#099, cram, 1097632, 2, 1, Transgenerational epigenetic inheritance: embryos, Mus Musculus, SCGC--3288_E02, 1, TEI_17239514, 24768, 3458167, 4924, 20584286, ERS2054771, ERP105660
24768_2#100, cram, 1786714, 2, 1, Transgenerational epigenetic inheritance: embryos, Mus Musculus, SCGC--3289_E02, 1, TEI_17239515, 24768, 3458168, 4924, 20584287, ERS2054772, ERP105660
24768_2#101, cram, 3135078, 2, 1, Transgenerational epigenetic inheritance: embryos, Mus Musculus, SCGC--3288_E03, 1, TEI_17239516, 24768, 3458169, 4924, 20584288, ERS2054773, ERP105660
24768_2#102, cram, 3083608, 2, 1, Transgenerational epigenetic inheritance: embryos, Mus Musculus, SCGC--3289_E03, 1, TEI_17239517, 24768, 3458170, 4924, 20584289, ERS2054774, ERP105660
24768_2#103, cram, 1221914, 2, 1, Transgenerational epigenetic inheritance: embryos, Mus Musculus, SCGC--3288_E04, 1, TEI_17239518, 24768, 3458171, 4924, 20584290, ERS2054775, ERP105660
24768_2#104, cram, 1925832, 2, 1, Transgenerational epigenetic inheritance: embryos, Mus Musculus, SCGC--3289_E04, 1, TEI_17239519, 24768, 3458172, 4924, 20584291, ERS2054776, ERP105660
24768_2#105, cram, 3332870, 2, 1, Transgenerational epigenetic inheritance: embryos, Mus Musculus, SCGC--3288_E05, 1, TEI_17239520, 24768, 3458173, 4924, 20584292, ERS2054777, ERP105660
24768_2#106, cram, 4038404, 2, 1, Transgenerational epigenetic inheritance: embryos, Mus Musculus, SCGC--3289_E05, 1, TEI_17239521, 24768, 3458174, 4924, 20584293, ERS2054778, ERP105660
24768_2#107, cram, 4309048, 2, 1, Transgenerational epigenetic inheritance: embryos, Mus Musculus, SCGC--3288_E06, 1, TEI_17239522, 24768, 3458175, 4924, 20584294, ERS2054779, ERP105660
24768_2#108, cram, 4070948, 2, 1, Transgenerational epigenetic inheritance: embryos, Mus Musculus, SCGC--3289_E06, 1, TEI_17239523, 24768, 3458176, 4924, 20584295, ERS2054780, ERP105660
24768_2#109, cram, 4217236, 2, 1, Transgenerational epigenetic inheritance: embryos, Mus Musculus, SCGC--3288_E07, 1, TEI_17239524, 24768, 3458177, 4924, 20584296, ERS2054781, ERP105660
24768_2#110, cram, 4163560, 2, 1, Transgenerational epigenetic inheritance: embryos, Mus Musculus, SCGC--3289_E07, 1, TEI_17239525, 24768, 3458178, 4924, 20584297, ERS2054782, ERP105660
24768_2#111, cram, 5883268, 2, 1, Transgenerational epigenetic inheritance: embryos, Mus Musculus, SCGC--3288_E08, 1, TEI_17239526, 24768, 3458179, 4924, 20584298, ERS2054783, ERP105660
24768_2#112, cram, 747726, 2, 1, Transgenerational epigenetic inheritance: embryos, Mus Musculus, SCGC--3289_E08, 1, TEI_17239527, 24768, 3458180, 4924, 20584299, ERS2054784, ERP105660
24768_2#113, cram, 4081240, 2, 1, Transgenerational epigenetic inheritance: embryos, Mus Musculus, SCGC--3288_E09, 1, TEI_17239528, 24768, 3458181, 4924, 20584300, ERS2054785, ERP105660
24768_2#114, cram, 1373698, 2, 1, Transgenerational epigenetic inheritance: embryos, Mus Musculus, SCGC--3289_E09, 1, TEI_17239529, 24768, 3458182, 4924, 20584301, ERS2054786, ERP105660
24768_2#115, cram, 4496054, 2, 1, Transgenerational epigenetic inheritance: embryos, Mus Musculus, SCGC--3288_E10, 1, TEI_17239530, 24768, 3458183, 4924, 20584302, ERS2054787, ERP105660
24768_2#116, cram, 2546, 2, 1, Transgenerational epigenetic inheritance: embryos, Mus Musculus, SCGC--3289_E10, 1, TEI_17239531, 24768, 3458184, 4924, 20584303, ERS2054788, ERP105660
24768_2#117, cram, 4078142, 2, 1, Transgenerational epigenetic inheritance: embryos, Mus Musculus, SCGC--3288_E11, 1, TEI_17239532, 24768, 3458185, 4924, 20584304, ERS2054789, ERP105660
24768_2#118, cram, 2446368, 2, 1, Transgenerational epigenetic inheritance: embryos, Mus Musculus, SCGC--3289_E11, 1, TEI_17239533, 24768, 3458186, 4924, 20584305, ERS2054790, ERP105660
24768_2#119, cram, 1020, 2, 1, Transgenerational epigenetic inheritance: embryos, Mus Musculus, SCGC--3288_E12, 1, TEI_17239534, 24768, 3458187, 4924, 20584306, ERS2054791, ERP105660
24768_2#120, cram, 1338270, 2, 1, Transgenerational epigenetic inheritance: embryos, Mus Musculus, SCGC--3289_E12, 1, TEI_17239535, 24768, 3458188, 4924, 20584307, ERS2054792, ERP105660
24768_2#121, cram, 624, 2, 1, Transgenerational epigenetic inheritance: embryos, Mus Musculus, SCGC--3288_F01, 1, TEI_17239536, 24768, 3458189, 4924, 20584308, ERS2054793, ERP105660
24768_2#122, cram, 694948, 2, 1, Transgenerational epigenetic inheritance: embryos, Mus Musculus, SCGC--3289_F01, 1, TEI_17239537, 24768, 3458190, 4924, 20584309, ERS2054794, ERP105660
24768_2#123, cram, 1788460, 2, 1, Transgenerational epigenetic inheritance: embryos, Mus Musculus, SCGC--3288_F02, 1, TEI_17239538, 24768, 3458191, 4924, 20584310, ERS2054795, ERP105660
24768_2#124, cram, 1644372, 2, 1, Transgenerational epigenetic inheritance: embryos, Mus Musculus, SCGC--3289_F02, 1, TEI_17239539, 24768, 3458192, 4924, 20584311, ERS2054796, ERP105660
24768_2#125, cram, 1679174, 2, 1, Transgenerational epigenetic inheritance: embryos, Mus Musculus, SCGC--3288_F03, 1, TEI_17239540, 24768, 3458193, 4924, 20584312, ERS2054797, ERP105660
24768_2#126, cram, 3118004, 2, 1, Transgenerational epigenetic inheritance: embryos, Mus Musculus, SCGC--3289_F03, 1, TEI_17239541, 24768, 3458194, 4924, 20584313, ERS2054798, ERP105660
24768_2#127, cram, 1402700, 2, 1, Transgenerational epigenetic inheritance: embryos, Mus Musculus, SCGC--3288_F04, 1, TEI_17239542, 24768, 3458195, 4924, 20584314, ERS2054799, ERP105660
24768_2#128, cram, 2159300, 2, 1, Transgenerational epigenetic inheritance: embryos, Mus Musculus, SCGC--3289_F04, 1, TEI_17239543, 24768, 3458196, 4924, 20584315, ERS2054800, ERP105660
24768_2#129, cram, 2029540, 2, 1, Transgenerational epigenetic inheritance: embryos, Mus Musculus, SCGC--3288_F05, 1, TEI_17239544, 24768, 3458197, 4924, 20584316, ERS2054801, ERP105660
24768_2#130, cram, 3714594, 2, 1, Transgenerational epigenetic inheritance: embryos, Mus Musculus, SCGC--3289_F05, 1, TEI_17239545, 24768, 3458198, 4924, 20584317, ERS2054802, ERP105660
24768_2#131, cram, 4249716, 2, 1, Transgenerational epigenetic inheritance: embryos, Mus Musculus, SCGC--3288_F06, 1, TEI_17239546, 24768, 3458199, 4924, 20584318, ERS2054803, ERP105660
24768_2#132, cram, 4905262, 2, 1, Transgenerational epigenetic inheritance: embryos, Mus Musculus, SCGC--3289_F06, 1, TEI_17239547, 24768, 3458200, 4924, 20584319, ERS2054804, ERP105660
24768_2#133, cram, 3352386, 2, 1, Transgenerational epigenetic inheritance: embryos, Mus Musculus, SCGC--3288_F07, 1, TEI_17239548, 24768, 3458201, 4924, 20584320, ERS2054805, ERP105660
24768_2#134, cram, 4482700, 2, 1, Transgenerational epigenetic inheritance: embryos, Mus Musculus, SCGC--3289_F07, 1, TEI_17239549, 24768, 3458202, 4924, 20584321, ERS2054806, ERP105660
24768_2#135, cram, 818550, 2, 1, Transgenerational epigenetic inheritance: embryos, Mus Musculus, SCGC--3288_F08, 1, TEI_17239550, 24768, 3458203, 4924, 20584322, ERS2054807, ERP105660
24768_2#136, cram, 5793980, 2, 1, Transgenerational epigenetic inheritance: embryos, Mus Musculus, SCGC--3289_F08, 1, TEI_17239551, 24768, 3458204, 4924, 20584323, ERS2054808, ERP105660
24768_2#137, cram, 2874214, 2, 1, Transgenerational epigenetic inheritance: embryos, Mus Musculus, SCGC--3288_F09, 1, TEI_17239552, 24768, 3458205, 4924, 20584324, ERS2054809, ERP105660
24768_2#138, cram, 4853552, 2, 1, Transgenerational epigenetic inheritance: embryos, Mus Musculus, SCGC--3289_F09, 1, TEI_17239553, 24768, 3458206, 4924, 20584325, ERS2054810, ERP105660
24768_2#139, cram, 3165640, 2, 1, Transgenerational epigenetic inheritance: embryos, Mus Musculus, SCGC--3288_F10, 1, TEI_17239554, 24768, 3458207, 4924, 20584326, ERS2054811, ERP105660
24768_2#140, cram, 4928914, 2, 1, Transgenerational epigenetic inheritance: embryos, Mus Musculus, SCGC--3289_F10, 1, TEI_17239555, 24768, 3458208, 4924, 20584327, ERS2054812, ERP105660
24768_2#141, cram, 2837580, 2, 1, Transgenerational epigenetic inheritance: embryos, Mus Musculus, SCGC--3288_F11, 1, TEI_17239556, 24768, 3458209, 4924, 20584328, ERS2054813, ERP105660
24768_2#142, cram, 1484390, 2, 1, Transgenerational epigenetic inheritance: embryos, Mus Musculus, SCGC--3289_F11, 1, TEI_17239557, 24768, 3458210, 4924, 20584329, ERS2054814, ERP105660
24768_2#143, cram, 3168226, 2, 1, Transgenerational epigenetic inheritance: embryos, Mus Musculus, SCGC--3288_F12, 1, TEI_17239558, 24768, 3458211, 4924, 20584330, ERS2054815, ERP105660
24768_2#144, cram, 1356822, 2, 1, Transgenerational epigenetic inheritance: embryos, Mus Musculus, SCGC--3289_F12, 1, TEI_17239559, 24768, 3458212, 4924, 20584331, ERS2054816, ERP105660
24768_2#145, cram, 957694, 2, 1, Transgenerational epigenetic inheritance: embryos, Mus Musculus, SCGC--3288_G01, 1, TEI_17239560, 24768, 3458213, 4924, 20584332, ERS2054817, ERP105660
24768_2#146, cram, 219534, 2, 1, Transgenerational epigenetic inheritance: embryos, Mus Musculus, SCGC--3289_G01, 1, TEI_17239561, 24768, 3458214, 4924, 20584333, ERS2054818, ERP105660
24768_2#147, cram, 1253344, 2, 1, Transgenerational epigenetic inheritance: embryos, Mus Musculus, SCGC--3288_G02, 1, TEI_17239562, 24768, 3458215, 4924, 20584334, ERS2054819, ERP105660
24768_2#148, cram, 465520, 2, 1, Transgenerational epigenetic inheritance: embryos, Mus Musculus, SCGC--3289_G02, 1, TEI_17239563, 24768, 3458216, 4924, 20584335, ERS2054820, ERP105660
24768_2#149, cram, 39248, 2, 1, Transgenerational epigenetic inheritance: embryos, Mus Musculus, SCGC--3288_G03, 1, TEI_17239564, 24768, 3458217, 4924, 20584336, ERS2054821, ERP105660
24768_2#150, cram, 755702, 2, 1, Transgenerational epigenetic inheritance: embryos, Mus Musculus, SCGC--3289_G03, 1, TEI_17239565, 24768, 3458218, 4924, 20584337, ERS2054822, ERP105660
24768_2#151, cram, 11076, 2, 1, Transgenerational epigenetic inheritance: embryos, Mus Musculus, SCGC--3288_G04, 1, TEI_17239566, 24768, 3458219, 4924, 20584338, ERS2054823, ERP105660
24768_2#152, cram, 861436, 2, 1, Transgenerational epigenetic inheritance: embryos, Mus Musculus, SCGC--3289_G04, 1, TEI_17239567, 24768, 3458220, 4924, 20584339, ERS2054824, ERP105660
24768_2#153, cram, 25272, 2, 1, Transgenerational epigenetic inheritance: embryos, Mus Musculus, SCGC--3288_G05, 1, TEI_17239568, 24768, 3458221, 4924, 20584340, ERS2054825, ERP105660
24768_2#154, cram, 928230, 2, 1, Transgenerational epigenetic inheritance: embryos, Mus Musculus, SCGC--3289_G05, 1, TEI_17239569, 24768, 3458222, 4924, 20584341, ERS2054826, ERP105660
24768_2#155, cram, 85376, 2, 1, Transgenerational epigenetic inheritance: embryos, Mus Musculus, SCGC--3288_G06, 1, TEI_17239570, 24768, 3458223, 4924, 20584342, ERS2054827, ERP105660
24768_2#156, cram, 1498416, 2, 1, Transgenerational epigenetic inheritance: embryos, Mus Musculus, SCGC--3289_G06, 1, TEI_17239571, 24768, 3458224, 4924, 20584343, ERS2054828, ERP105660
24768_2#157, cram, 48864, 2, 1, Transgenerational epigenetic inheritance: embryos, Mus Musculus, SCGC--3288_G07, 1, TEI_17239572, 24768, 3458225, 4924, 20584344, ERS2054829, ERP105660
24768_2#158, cram, 1657802, 2, 1, Transgenerational epigenetic inheritance: embryos, Mus Musculus, SCGC--3289_G07, 1, TEI_17239573, 24768, 3458226, 4924, 20584345, ERS2054830, ERP105660
24768_2#159, cram, 155330, 2, 1, Transgenerational epigenetic inheritance: embryos, Mus Musculus, SCGC--3288_G08, 1, TEI_17239574, 24768, 3458227, 4924, 20584346, ERS2054831, ERP105660
24768_2#160, cram, 1373250, 2, 1, Transgenerational epigenetic inheritance: embryos, Mus Musculus, SCGC--3289_G08, 1, TEI_17239575, 24768, 3458228, 4924, 20584347, ERS2054832, ERP105660
24768_2#161, cram, 87904, 2, 1, Transgenerational epigenetic inheritance: embryos, Mus Musculus, SCGC--3288_G09, 1, TEI_17239576, 24768, 3458229, 4924, 20584348, ERS2054833, ERP105660
24768_2#162, cram, 1676282, 2, 1, Transgenerational epigenetic inheritance: embryos, Mus Musculus, SCGC--3289_G09, 1, TEI_17239577, 24768, 3458230, 4924, 20584349, ERS2054834, ERP105660
24768_2#163, cram, 96582, 2, 1, Transgenerational epigenetic inheritance: embryos, Mus Musculus, SCGC--3288_G10, 1, TEI_17239578, 24768, 3458231, 4924, 20584350, ERS2054835, ERP105660
24768_2#164, cram, 2226150, 2, 1, Transgenerational epigenetic inheritance: embryos, Mus Musculus, SCGC--3289_G10, 1, TEI_17239579, 24768, 3458232, 4924, 20584351, ERS2054836, ERP105660
24768_2#165, cram, 68214, 2, 1, Transgenerational epigenetic inheritance: embryos, Mus Musculus, SCGC--3288_G11, 1, TEI_17239580, 24768, 3458233, 4924, 20584352, ERS2054837, ERP105660
24768_2#166, cram, 605704, 2, 1, Transgenerational epigenetic inheritance: embryos, Mus Musculus, SCGC--3289_G11, 1, TEI_17239581, 24768, 3458234, 4924, 20584353, ERS2054838, ERP105660
24768_2#167, cram, 32374, 2, 1, Transgenerational epigenetic inheritance: embryos, Mus Musculus, SCGC--3288_G12, 1, TEI_17239582, 24768, 3458235, 4924, 20584354, ERS2054839, ERP105660
24768_2#168, cram, 1356408, 2, 1, Transgenerational epigenetic inheritance: embryos, Mus Musculus, SCGC--3289_G12, 1, TEI_17239583, 24768, 3458236, 4924, 20584355, ERS2054840, ERP105660
24768_2#169, cram, 16436, 2, 1, Transgenerational epigenetic inheritance: embryos, Mus Musculus, SCGC--3288_H01, 1, TEI_17239584, 24768, 3458237, 4924, 20584356, ERS2054841, ERP105660
24768_2#170, cram, 275500, 2, 1, Transgenerational epigenetic inheritance: embryos, Mus Musculus, SCGC--3289_H01, 1, TEI_17239585, 24768, 3458238, 4924, 20584357, ERS2054842, ERP105660
24768_2#171, cram, 34964, 2, 1, Transgenerational epigenetic inheritance: embryos, Mus Musculus, SCGC--3288_H02, 1, TEI_17239586, 24768, 3458239, 4924, 20584358, ERS2054843, ERP105660
24768_2#172, cram, 506036, 2, 1, Transgenerational epigenetic inheritance: embryos, Mus Musculus, SCGC--3289_H02, 1, TEI_17239587, 24768, 3458240, 4924, 20584359, ERS2054844, ERP105660
24768_2#173, cram, 31616, 2, 1, Transgenerational epigenetic inheritance: embryos, Mus Musculus, SCGC--3288_H03, 1, TEI_17239588, 24768, 3458241, 4924, 20584360, ERS2054845, ERP105660
24768_2#174, cram, 560634, 2, 1, Transgenerational epigenetic inheritance: embryos, Mus Musculus, SCGC--3289_H03, 1, TEI_17239589, 24768, 3458242, 4924, 20584361, ERS2054846, ERP105660
24768_2#175, cram, 41742, 2, 1, Transgenerational epigenetic inheritance: embryos, Mus Musculus, SCGC--3288_H04, 1, TEI_17239590, 24768, 3458243, 4924, 20584362, ERS2054847, ERP105660
24768_2#176, cram, 727214, 2, 1, Transgenerational epigenetic inheritance: embryos, Mus Musculus, SCGC--3289_H04, 1, TEI_17239591, 24768, 3458244, 4924, 20584363, ERS2054848, ERP105660
24768_2#177, cram, 45780, 2, 1, Transgenerational epigenetic inheritance: embryos, Mus Musculus, SCGC--3288_H05, 1, TEI_17239592, 24768, 3458245, 4924, 20584364, ERS2054849, ERP105660
24768_2#178, cram, 1024272, 2, 1, Transgenerational epigenetic inheritance: embryos, Mus Musculus, SCGC--3289_H05, 1, TEI_17239593, 24768, 3458246, 4924, 20584365, ERS2054850, ERP105660
24768_2#179, cram, 104966, 2, 1, Transgenerational epigenetic inheritance: embryos, Mus Musculus, SCGC--3288_H06, 1, TEI_17239594, 24768, 3458247, 4924, 20584366, ERS2054851, ERP105660
24768_2#180, cram, 1249722, 2, 1, Transgenerational epigenetic inheritance: embryos, Mus Musculus, SCGC--3289_H06, 1, TEI_17239595, 24768, 3458248, 4924, 20584367, ERS2054852, ERP105660
24768_2#181, cram, 50474, 2, 1, Transgenerational epigenetic inheritance: embryos, Mus Musculus, SCGC--3288_H07, 1, TEI_17239596, 24768, 3458249, 4924, 20584368, ERS2054853, ERP105660
24768_2#182, cram, 1356318, 2, 1, Transgenerational epigenetic inheritance: embryos, Mus Musculus, SCGC--3289_H07, 1, TEI_17239597, 24768, 3458250, 4924, 20584369, ERS2054854, ERP105660
24768_2#183, cram, 180434, 2, 1, Transgenerational epigenetic inheritance: embryos, Mus Musculus, SCGC--3288_H08, 1, TEI_17239598, 24768, 3458251, 4924, 20584370, ERS2054855, ERP105660
24768_2#184, cram, 1603916, 2, 1, Transgenerational epigenetic inheritance: embryos, Mus Musculus, SCGC--3289_H08, 1, TEI_17239599, 24768, 3458252, 4924, 20584371, ERS2054856, ERP105660
24768_2#185, cram, 2563652, 2, 1, Transgenerational epigenetic inheritance: embryos, Mus Musculus, SCGC--3288_H09, 1, TEI_17239600, 24768, 3458253, 4924, 20584372, ERS2054857, ERP105660
24768_2#186, cram, 3115640, 2, 1, Transgenerational epigenetic inheritance: embryos, Mus Musculus, SCGC--3289_H09, 1, TEI_17239601, 24768, 3458254, 4924, 20584373, ERS2054858, ERP105660
24768_2#187, cram, 76486, 2, 1, Transgenerational epigenetic inheritance: embryos, Mus Musculus, SCGC--3288_H10, 1, TEI_17239602, 24768, 3458255, 4924, 20584374, ERS2054859, ERP105660
24768_2#188, cram, 1486404, 2, 1, Transgenerational epigenetic inheritance: embryos, Mus Musculus, SCGC--3289_H10, 1, TEI_17239603, 24768, 3458256, 4924, 20584375, ERS2054860, ERP105660
24768_2#189, cram, 3111208, 2, 1, Transgenerational epigenetic inheritance: embryos, Mus Musculus, SCGC--3288_H11, 1, TEI_17239604, 24768, 3458257, 4924, 20584376, ERS2054861, ERP105660
24768_2#190, cram, 3346326, 2, 1, Transgenerational epigenetic inheritance: embryos, Mus Musculus, SCGC--3289_H11, 1, TEI_17239605, 24768, 3458258, 4924, 20584377, ERS2054862, ERP105660
24768_2#191, cram, 47644, 2, 1, Transgenerational epigenetic inheritance: embryos, Mus Musculus, SCGC--3288_H12, 1, TEI_17239606, 24768, 3458259, 4924, 20584378, ERS2054863, ERP105660
24768_2#192, cram, 394518, 2, 1, Transgenerational epigenetic inheritance: embryos, Mus Musculus, SCGC--3289_H12, 1, TEI_17239607, 24768, 3458260, 4924, 20584379, ERS2054864, ERP105660
